Workbook

Sheet How To Use
A1: COST OF QUALITY + INVENTORY AUDIT — How To Use
A3: THE IDEA
A4: Every day eggs move: Processed (graded) → Packed (by size) → Shipped (to customer) → what's left sits in the Warehouse. If you measure all four, any gap is either grade loss or storage shrink — both are real money.
A6: THE FORMULA THE WORKBOOK USES
A7: Expected Inventory = Yesterday's Actual Inventory + Today's Packed - Today's Shipped Storage Variance = Expected - Actual (positive = eggs missing) Grade Loss = Processed - Total Packed (positive = lost on the grader) $ Cost of Quality = (Grade Loss + Storage Variance) × $/case (set on Assumptions)
A9: FILL IN DAILY ON THE "Daily Log" TAB
A10: Yellow cells with blue text are inputs — only those. The gray/pink columns compute themselves. • Processed: cases that went through the grader (all sizes combined). • Packed Jumbo / XL / Large / Medium / Small / Pullet / Nest Run: graded output, in cases. • Shipped Jumbo / XL / Large / Medium / Small / Pullet / Nest Run: what left for customers today. • Inv (actual) by size: a physical count taken at end of day. THIS is the audit step. • Notes: anything unusual (truck broke down, washer issue, etc.).
A12: READING THE COLORS
A13: • Pink columns are loss/variance columns — anything non-zero is money on the floor. • Conditional formatting deepens to red as variance grows. • Grade Loss % above 2% (your tolerance, set on Assumptions) starts turning red. • Storage Variance % above 0.5% likewise.
A15: SET YOUR LEVERS ON THE "Assumptions" TAB
A16: • $ per case — drives the $ Cost of Quality column. Use your average sale price/case. • Starting cases on hand — the warehouse inventory on the morning of the first day (5/25/26). • Acceptable thresholds — adjust if 2% / 0.5% aren't your operational targets.
A18: WEEKLY ROLLUP
... A22: • Daily: enter Processed, Packed, Shipped at end of shift. • Daily or 3×/week: physical inventory count by size. Without an actual count the Variance column is blind. • Weekly: review Weekly Summary; investigate any week with > 2% grade loss or > 0.5% storage variance. • Monthly: tie out total $ Cost of Quality and compare to last month.

Sheet Daily Log
A1: RUSHTOWN — COST OF QUALITY + INVENTORY AUDIT
A3: Date | B3: Processed | C3: PACKED — by size (cases) | J3: Total Packed | K3: Grade Loss | L3: Grade Loss % | M3: SHIPPED — by size (cases) | T3: Total Shipped | U3: INVENTORY (Actual physical count) — cases | AB3: Total Inv Actual | AC3: Expected Inv | AD3: Storage Variance | AE3: Variance % | AF3: $ Cost of Quality | AG3: Notes
A4: Date | B4: Processed (cases) | C4: Packed Jumbo | D4: Packed XL | E4: Packed Large | F4: Packed Medium | G4: Packed Small | H4: Packed Pullet | I4: Packed Nest Run | J4: Total Packed | K4: Grade Loss | L4: Grade Loss % | M4: Shipped Jumbo | N4: Shipped XL | O4: Shipped Large | P4: Shipped Medium | Q4: Shipped Small | R4: Shipped Pullet | S4: Shipped Nest Run | T4: Total Shipped | U4: Inv Jumbo (actual) | V4: Inv XL (actual) | W4: Inv Large (actual) | X4: Inv Medium (actual) | Y4: Inv Small (actual) | Z4: Inv Pullet (actual) | AA4: Inv Nest Run (actual) | AB4: Total Inv (actual) | AC4: Expected Inv | AD4: Storage Variance | AE4: Variance % | AF4: $ Cost of Quality | AG4: Notes
A5: 46167 | J5: =SUM(C5:I5) -> 0 | K5: =IF(B5="","",B5-J5) | L5: =IFERROR(K5/B5,"") | T5: =SUM(M5:S5) -> 0 | AB5: =SUM(U5:AA5) -> 0 | AC5: =Assumptions!$B$5+J5-T5 -> 0 | AD5: =IF(AB5=0,"",AC5-AB5) | AE5: =IFERROR(AD5/AC5,"") | AF5: =IFERROR((IF(K5="",0,K5)+IF(AD5="",0,AD5))*Assumptions!$B$3,"") -> 0
A6: 46168 | J6: =SUM(C6:I6) -> 0 | K6: =IF(B6="","",B6-J6) | L6: =IFERROR(K6/B6,"") | T6: =SUM(M6:S6) -> 0 | AB6: =SUM(U6:AA6) -> 0 | AC6: =AB5+J6-T6 -> 0 | AD6: =IF(AB6=0,"",AC6-AB6) | AE6: =IFERROR(AD6/AC6,"") | AF6: =IFERROR((IF(K6="",0,K6)+IF(AD6="",0,AD6))*Assumptions!$B$3,"") -> 0
A7: 46169 | J7: =SUM(C7:I7) -> 0 | K7: =IF(B7="","",B7-J7) | L7: =IFERROR(K7/B7,"") | T7: =SUM(M7:S7) -> 0 | AB7: =SUM(U7:AA7) -> 0 | AC7: =AB6+J7-T7 -> 0 | AD7: =IF(AB7=0,"",AC7-AB7) | AE7: =IFERROR(AD7/AC7,"") | AF7: =IFERROR((IF(K7="",0,K7)+IF(AD7="",0,AD7))*Assumptions!$B$3,"") -> 0
A8: 46170 | J8: =SUM(C8:I8) -> 0 | K8: =IF(B8="","",B8-J8) | L8: =IFERROR(K8/B8,"") | T8: =SUM(M8:S8) -> 0 | AB8: =SUM(U8:AA8) -> 0 | AC8: =AB7+J8-T8 -> 0 | AD8: =IF(AB8=0,"",AC8-AB8) | AE8: =IFERROR(AD8/AC8,"") | AF8: =IFERROR((IF(K8="",0,K8)+IF(AD8="",0,AD8))*Assumptions!$B$3,"") -> 0
A9: 46171 | J9: =SUM(C9:I9) -> 0 | K9: =IF(B9="","",B9-J9) | L9: =IFERROR(K9/B9,"") | T9: =SUM(M9:S9) -> 0 | AB9: =SUM(U9:AA9) -> 0 | AC9: =AB8+J9-T9 -> 0 | AD9: =IF(AB9=0,"",AC9-AB9) | AE9: =IFERROR(AD9/AC9,"") | AF9: =IFERROR((IF(K9="",0,K9)+IF(AD9="",0,AD9))*Assumptions!$B$3,"") -> 0
A10: 46172 | J10: =SUM(C10:I10) -> 0 | K10: =IF(B10="","",B10-J10) | L10: =IFERROR(K10/B10,"") | T10: =SUM(M10:S10) -> 0 | AB10: =SUM(U10:AA10) -> 0 | AC10: =AB9+J10-T10 -> 0 | AD10: =IF(AB10=0,"",AC10-AB10) | AE10: =IFERROR(AD10/AC10,"") | AF10: =IFERROR((IF(K10="",0,K10)+IF(AD10="",0,AD10))*Assumptions!$B$3,"") -> 0
A11: 46173 | J11: =SUM(C11:I11) -> 0 | K11: =IF(B11="","",B11-J11) | L11: =IFERROR(K11/B11,"") | T11: =SUM(M11:S11) -> 0 | AB11: =SUM(U11:AA11) -> 0 | AC11: =AB10+J11-T11 -> 0 | AD11: =IF(AB11=0,"",AC11-AB11) | AE11: =IFERROR(AD11/AC11,"") | AF11: =IFERROR((IF(K11="",0,K11)+IF(AD11="",0,AD11))*Assumptions!$B$3,"") -> 0
A12: 46174 | J12: =SUM(C12:I12) -> 0 | K12: =IF(B12="","",B12-J12) | L12: =IFERROR(K12/B12,"") | T12: =SUM(M12:S12) -> 0 | AB12: =SUM(U12:AA12) -> 0 | AC12: =AB11+J12-T12 -> 0 | AD12: =IF(AB12=0,"",AC12-AB12) | AE12: =IFERROR(AD12/AC12,"") | AF12: =IFERROR((IF(K12="",0,K12)+IF(AD12="",0,AD12))*Assumptions!$B$3,"") -> 0
A13: 46175 | J13: =SUM(C13:I13) -> 0 | K13: =IF(B13="","",B13-J13) | L13: =IFERROR(K13/B13,"") | T13: =SUM(M13:S13) -> 0 | AB13: =SUM(U13:AA13) -> 0 | AC13: =AB12+J13-T13 -> 0 | AD13: =IF(AB13=0,"",AC13-AB13) | AE13: =IFERROR(AD13/AC13,"") | AF13: =IFERROR((IF(K13="",0,K13)+IF(AD13="",0,AD13))*Assumptions!$B$3,"") -> 0
A14: 46176 | J14: =SUM(C14:I14) -> 0 | K14: =IF(B14="","",B14-J14) | L14: =IFERROR(K14/B14,"") | T14: =SUM(M14:S14) -> 0 | AB14: =SUM(U14:AA14) -> 0 | AC14: =AB13+J14-T14 -> 0 | AD14: =IF(AB14=0,"",AC14-AB14) | AE14: =IFERROR(AD14/AC14,"") | AF14: =IFERROR((IF(K14="",0,K14)+IF(AD14="",0,AD14))*Assumptions!$B$3,"") -> 0
A15: 46177 | J15: =SUM(C15:I15) -> 0 | K15: =IF(B15="","",B15-J15) | L15: =IFERROR(K15/B15,"") | T15: =SUM(M15:S15) -> 0 | AB15: =SUM(U15:AA15) -> 0 | AC15: =AB14+J15-T15 -> 0 | AD15: =IF(AB15=0,"",AC15-AB15) | AE15: =IFERROR(AD15/AC15,"") | AF15: =IFERROR((IF(K15="",0,K15)+IF(AD15="",0,AD15))*Assumptions!$B$3,"") -> 0
A16: 46178 | J16: =SUM(C16:I16) -> 0 | K16: =IF(B16="","",B16-J16) | L16: =IFERROR(K16/B16,"") | T16: =SUM(M16:S16) -> 0 | AB16: =SUM(U16:AA16) -> 0 | AC16: =AB15+J16-T16 -> 0 | AD16: =IF(AB16=0,"",AC16-AB16) | AE16: =IFERROR(AD16/AC16,"") | AF16: =IFERROR((IF(K16="",0,K16)+IF(AD16="",0,AD16))*Assumptions!$B$3,"") -> 0
A17: 46179 | J17: =SUM(C17:I17) -> 0 | K17: =IF(B17="","",B17-J17) | L17: =IFERROR(K17/B17,"") | T17: =SUM(M17:S17) -> 0 | AB17: =SUM(U17:AA17) -> 0 | AC17: =AB16+J17-T17 -> 0 | AD17: =IF(AB17=0,"",AC17-AB17) | AE17: =IFERROR(AD17/AC17,"") | AF17: =IFERROR((IF(K17="",0,K17)+IF(AD17="",0,AD17))*Assumptions!$B$3,"") -> 0
... A64: 46226 | J64: =SUM(C64:I64) -> 0 | K64: =IF(B64="","",B64-J64) | L64: =IFERROR(K64/B64,"") | T64: =SUM(M64:S64) -> 0 | AB64: =SUM(U64:AA64) -> 0 | AC64: =AB63+J64-T64 -> 0 | AD64: =IF(AB64=0,"",AC64-AB64) | AE64: =IFERROR(AD64/AC64,"") | AF64: =IFERROR((IF(K64="",0,K64)+IF(AD64="",0,AD64))*Assumptions!$B$3,"") -> 0

Sheet Assumptions
A1: ASSUMPTIONS & OPENING POSITION
A2: Egg pricing
A3: $ per case (avg sale) | B3: 28 | C3: Set to your average $/case revenue. Drives the Cost of Quality calc.
A4: Opening inventory
A5: Starting cases on hand | B5: 0 | C5: Total cases physically in warehouse on the first day (Daily Log row 5). All sizes combined.
A6: Targets
A7: Acceptable grade loss % | B7: 0.02 | C7: If grade loss runs higher than this, the cell turns red.
A8: Acceptable storage variance % | B8: 0.005 | C8: Tolerance for storage shrink — anything above this is investigated.

Sheet Weekly Summary
A1: WEEKLY ROLLUP — COST OF QUALITY & INVENTORY HEALTH
A3: Week Starting | B3: Processed | C3: Packed | D3: Grade Loss | E3: Grade % | F3: Shipped | G3: Storage Shrink | H3: Shrink % | I3: $ CoQ Total
A4: 46167 | B4: =SUMIFS('Daily Log'!$B$5:$B$64,'Daily Log'!$A$5:$A$64,">="&A4,'Daily Log'!$A$5:$A$64,"<="&A4+6) -> 0 | C4: =SUMIFS('Daily Log'!$J$5:$J$64,'Daily Log'!$A$5:$A$64,">="&A4,'Daily Log'!$A$5:$A$64,"<="&A4+6) -> 0 | D4: =SUMIFS('Daily Log'!$K$5:$K$64,'Daily Log'!$A$5:$A$64,">="&A4,'Daily Log'!$A$5:$A$64,"<="&A4+6) -> 0 | E4: =IFERROR(D4/B4,"") | F4: =SUMIFS('Daily Log'!$T$5:$T$64,'Daily Log'!$A$5:$A$64,">="&A4,'Daily Log'!$A$5:$A$64,"<="&A4+6) -> 0 | G4: =SUMIFS('Daily Log'!$AD$5:$AD$64,'Daily Log'!$A$5:$A$64,">="&A4,'Daily Log'!$A$5:$A$64,"<="&A4+6) -> 0 | H4: =IFERROR(G4/C4,"") | I4: =IFERROR((IF(D4="",0,D4)+IF(G4="",0,G4))*Assumptions!$B$3,"") -> 0
A5: 46174 | B5: =SUMIFS('Daily Log'!$B$5:$B$64,'Daily Log'!$A$5:$A$64,">="&A5,'Daily Log'!$A$5:$A$64,"<="&A5+6) -> 0 | C5: =SUMIFS('Daily Log'!$J$5:$J$64,'Daily Log'!$A$5:$A$64,">="&A5,'Daily Log'!$A$5:$A$64,"<="&A5+6) -> 0 | D5: =SUMIFS('Daily Log'!$K$5:$K$64,'Daily Log'!$A$5:$A$64,">="&A5,'Daily Log'!$A$5:$A$64,"<="&A5+6) -> 0 | E5: =IFERROR(D5/B5,"") | F5: =SUMIFS('Daily Log'!$T$5:$T$64,'Daily Log'!$A$5:$A$64,">="&A5,'Daily Log'!$A$5:$A$64,"<="&A5+6) -> 0 | G5: =SUMIFS('Daily Log'!$AD$5:$AD$64,'Daily Log'!$A$5:$A$64,">="&A5,'Daily Log'!$A$5:$A$64,"<="&A5+6) -> 0 | H5: =IFERROR(G5/C5,"") | I5: =IFERROR((IF(D5="",0,D5)+IF(G5="",0,G5))*Assumptions!$B$3,"") -> 0
A6: 46181 | B6: =SUMIFS('Daily Log'!$B$5:$B$64,'Daily Log'!$A$5:$A$64,">="&A6,'Daily Log'!$A$5:$A$64,"<="&A6+6) -> 0 | C6: =SUMIFS('Daily Log'!$J$5:$J$64,'Daily Log'!$A$5:$A$64,">="&A6,'Daily Log'!$A$5:$A$64,"<="&A6+6) -> 0 | D6: =SUMIFS('Daily Log'!$K$5:$K$64,'Daily Log'!$A$5:$A$64,">="&A6,'Daily Log'!$A$5:$A$64,"<="&A6+6) -> 0 | E6: =IFERROR(D6/B6,"") | F6: =SUMIFS('Daily Log'!$T$5:$T$64,'Daily Log'!$A$5:$A$64,">="&A6,'Daily Log'!$A$5:$A$64,"<="&A6+6) -> 0 | G6: =SUMIFS('Daily Log'!$AD$5:$AD$64,'Daily Log'!$A$5:$A$64,">="&A6,'Daily Log'!$A$5:$A$64,"<="&A6+6) -> 0 | H6: =IFERROR(G6/C6,"") | I6: =IFERROR((IF(D6="",0,D6)+IF(G6="",0,G6))*Assumptions!$B$3,"") -> 0
A7: 46188 | B7: =SUMIFS('Daily Log'!$B$5:$B$64,'Daily Log'!$A$5:$A$64,">="&A7,'Daily Log'!$A$5:$A$64,"<="&A7+6) -> 0 | C7: =SUMIFS('Daily Log'!$J$5:$J$64,'Daily Log'!$A$5:$A$64,">="&A7,'Daily Log'!$A$5:$A$64,"<="&A7+6) -> 0 | D7: =SUMIFS('Daily Log'!$K$5:$K$64,'Daily Log'!$A$5:$A$64,">="&A7,'Daily Log'!$A$5:$A$64,"<="&A7+6) -> 0 | E7: =IFERROR(D7/B7,"") | F7: =SUMIFS('Daily Log'!$T$5:$T$64,'Daily Log'!$A$5:$A$64,">="&A7,'Daily Log'!$A$5:$A$64,"<="&A7+6) -> 0 | G7: =SUMIFS('Daily Log'!$AD$5:$AD$64,'Daily Log'!$A$5:$A$64,">="&A7,'Daily Log'!$A$5:$A$64,"<="&A7+6) -> 0 | H7: =IFERROR(G7/C7,"") | I7: =IFERROR((IF(D7="",0,D7)+IF(G7="",0,G7))*Assumptions!$B$3,"") -> 0
A8: 46195 | B8: =SUMIFS('Daily Log'!$B$5:$B$64,'Daily Log'!$A$5:$A$64,">="&A8,'Daily Log'!$A$5:$A$64,"<="&A8+6) -> 0 | C8: =SUMIFS('Daily Log'!$J$5:$J$64,'Daily Log'!$A$5:$A$64,">="&A8,'Daily Log'!$A$5:$A$64,"<="&A8+6) -> 0 | D8: =SUMIFS('Daily Log'!$K$5:$K$64,'Daily Log'!$A$5:$A$64,">="&A8,'Daily Log'!$A$5:$A$64,"<="&A8+6) -> 0 | E8: =IFERROR(D8/B8,"") | F8: =SUMIFS('Daily Log'!$T$5:$T$64,'Daily Log'!$A$5:$A$64,">="&A8,'Daily Log'!$A$5:$A$64,"<="&A8+6) -> 0 | G8: =SUMIFS('Daily Log'!$AD$5:$AD$64,'Daily Log'!$A$5:$A$64,">="&A8,'Daily Log'!$A$5:$A$64,"<="&A8+6) -> 0 | H8: =IFERROR(G8/C8,"") | I8: =IFERROR((IF(D8="",0,D8)+IF(G8="",0,G8))*Assumptions!$B$3,"") -> 0
A9: 46202 | B9: =SUMIFS('Daily Log'!$B$5:$B$64,'Daily Log'!$A$5:$A$64,">="&A9,'Daily Log'!$A$5:$A$64,"<="&A9+6) -> 0 | C9: =SUMIFS('Daily Log'!$J$5:$J$64,'Daily Log'!$A$5:$A$64,">="&A9,'Daily Log'!$A$5:$A$64,"<="&A9+6) -> 0 | D9: =SUMIFS('Daily Log'!$K$5:$K$64,'Daily Log'!$A$5:$A$64,">="&A9,'Daily Log'!$A$5:$A$64,"<="&A9+6) -> 0 | E9: =IFERROR(D9/B9,"") | F9: =SUMIFS('Daily Log'!$T$5:$T$64,'Daily Log'!$A$5:$A$64,">="&A9,'Daily Log'!$A$5:$A$64,"<="&A9+6) -> 0 | G9: =SUMIFS('Daily Log'!$AD$5:$AD$64,'Daily Log'!$A$5:$A$64,">="&A9,'Daily Log'!$A$5:$A$64,"<="&A9+6) -> 0 | H9: =IFERROR(G9/C9,"") | I9: =IFERROR((IF(D9="",0,D9)+IF(G9="",0,G9))*Assumptions!$B$3,"") -> 0
A10: 46209 | B10: =SUMIFS('Daily Log'!$B$5:$B$64,'Daily Log'!$A$5:$A$64,">="&A10,'Daily Log'!$A$5:$A$64,"<="&A10+6) -> 0 | C10: =SUMIFS('Daily Log'!$J$5:$J$64,'Daily Log'!$A$5:$A$64,">="&A10,'Daily Log'!$A$5:$A$64,"<="&A10+6) -> 0 | D10: =SUMIFS('Daily Log'!$K$5:$K$64,'Daily Log'!$A$5:$A$64,">="&A10,'Daily Log'!$A$5:$A$64,"<="&A10+6) -> 0 | E10: =IFERROR(D10/B10,"") | F10: =SUMIFS('Daily Log'!$T$5:$T$64,'Daily Log'!$A$5:$A$64,">="&A10,'Daily Log'!$A$5:$A$64,"<="&A10+6) -> 0 | G10: =SUMIFS('Daily Log'!$AD$5:$AD$64,'Daily Log'!$A$5:$A$64,">="&A10,'Daily Log'!$A$5:$A$64,"<="&A10+6) -> 0 | H10: =IFERROR(G10/C10,"") | I10: =IFERROR((IF(D10="",0,D10)+IF(G10="",0,G10))*Assumptions!$B$3,"") -> 0
A11: 46216 | B11: =SUMIFS('Daily Log'!$B$5:$B$64,'Daily Log'!$A$5:$A$64,">="&A11,'Daily Log'!$A$5:$A$64,"<="&A11+6) -> 0 | C11: =SUMIFS('Daily Log'!$J$5:$J$64,'Daily Log'!$A$5:$A$64,">="&A11,'Daily Log'!$A$5:$A$64,"<="&A11+6) -> 0 | D11: =SUMIFS('Daily Log'!$K$5:$K$64,'Daily Log'!$A$5:$A$64,">="&A11,'Daily Log'!$A$5:$A$64,"<="&A11+6) -> 0 | E11: =IFERROR(D11/B11,"") | F11: =SUMIFS('Daily Log'!$T$5:$T$64,'Daily Log'!$A$5:$A$64,">="&A11,'Daily Log'!$A$5:$A$64,"<="&A11+6) -> 0 | G11: =SUMIFS('Daily Log'!$AD$5:$AD$64,'Daily Log'!$A$5:$A$64,">="&A11,'Daily Log'!$A$5:$A$64,"<="&A11+6) -> 0 | H11: =IFERROR(G11/C11,"") | I11: =IFERROR((IF(D11="",0,D11)+IF(G11="",0,G11))*Assumptions!$B$3,"") -> 0
A12: 46223 | B12: =SUMIFS('Daily Log'!$B$5:$B$64,'Daily Log'!$A$5:$A$64,">="&A12,'Daily Log'!$A$5:$A$64,"<="&A12+6) -> 0 | C12: =SUMIFS('Daily Log'!$J$5:$J$64,'Daily Log'!$A$5:$A$64,">="&A12,'Daily Log'!$A$5:$A$64,"<="&A12+6) -> 0 | D12: =SUMIFS('Daily Log'!$K$5:$K$64,'Daily Log'!$A$5:$A$64,">="&A12,'Daily Log'!$A$5:$A$64,"<="&A12+6) -> 0 | E12: =IFERROR(D12/B12,"") | F12: =SUMIFS('Daily Log'!$T$5:$T$64,'Daily Log'!$A$5:$A$64,">="&A12,'Daily Log'!$A$5:$A$64,"<="&A12+6) -> 0 | G12: =SUMIFS('Daily Log'!$AD$5:$AD$64,'Daily Log'!$A$5:$A$64,">="&A12,'Daily Log'!$A$5:$A$64,"<="&A12+6) -> 0 | H12: =IFERROR(G12/C12,"") | I12: =IFERROR((IF(D12="",0,D12)+IF(G12="",0,G12))*Assumptions!$B$3,"") -> 0
A13: 46230 | B13: =SUMIFS('Daily Log'!$B$5:$B$64,'Daily Log'!$A$5:$A$64,">="&A13,'Daily Log'!$A$5:$A$64,"<="&A13+6) -> 0 | C13: =SUMIFS('Daily Log'!$J$5:$J$64,'Daily Log'!$A$5:$A$64,">="&A13,'Daily Log'!$A$5:$A$64,"<="&A13+6) -> 0 | D13: =SUMIFS('Daily Log'!$K$5:$K$64,'Daily Log'!$A$5:$A$64,">="&A13,'Daily Log'!$A$5:$A$64,"<="&A13+6) -> 0 | E13: =IFERROR(D13/B13,"") | F13: =SUMIFS('Daily Log'!$T$5:$T$64,'Daily Log'!$A$5:$A$64,">="&A13,'Daily Log'!$A$5:$A$64,"<="&A13+6) -> 0 | G13: =SUMIFS('Daily Log'!$AD$5:$AD$64,'Daily Log'!$A$5:$A$64,">="&A13,'Daily Log'!$A$5:$A$64,"<="&A13+6) -> 0 | H13: =IFERROR(G13/C13,"") | I13: =IFERROR((IF(D13="",0,D13)+IF(G13="",0,G13))*Assumptions!$B$3,"") -> 0
A14: 46237 | B14: =SUMIFS('Daily Log'!$B$5:$B$64,'Daily Log'!$A$5:$A$64,">="&A14,'Daily Log'!$A$5:$A$64,"<="&A14+6) -> 0 | C14: =SUMIFS('Daily Log'!$J$5:$J$64,'Daily Log'!$A$5:$A$64,">="&A14,'Daily Log'!$A$5:$A$64,"<="&A14+6) -> 0 | D14: =SUMIFS('Daily Log'!$K$5:$K$64,'Daily Log'!$A$5:$A$64,">="&A14,'Daily Log'!$A$5:$A$64,"<="&A14+6) -> 0 | E14: =IFERROR(D14/B14,"") | F14: =SUMIFS('Daily Log'!$T$5:$T$64,'Daily Log'!$A$5:$A$64,">="&A14,'Daily Log'!$A$5:$A$64,"<="&A14+6) -> 0 | G14: =SUMIFS('Daily Log'!$AD$5:$AD$64,'Daily Log'!$A$5:$A$64,">="&A14,'Daily Log'!$A$5:$A$64,"<="&A14+6) -> 0 | H14: =IFERROR(G14/C14,"") | I14: =IFERROR((IF(D14="",0,D14)+IF(G14="",0,G14))*Assumptions!$B$3,"") -> 0
A15: 46244 | B15: =SUMIFS('Daily Log'!$B$5:$B$64,'Daily Log'!$A$5:$A$64,">="&A15,'Daily Log'!$A$5:$A$64,"<="&A15+6) -> 0 | C15: =SUMIFS('Daily Log'!$J$5:$J$64,'Daily Log'!$A$5:$A$64,">="&A15,'Daily Log'!$A$5:$A$64,"<="&A15+6) -> 0 | D15: =SUMIFS('Daily Log'!$K$5:$K$64,'Daily Log'!$A$5:$A$64,">="&A15,'Daily Log'!$A$5:$A$64,"<="&A15+6) -> 0 | E15: =IFERROR(D15/B15,"") | F15: =SUMIFS('Daily Log'!$T$5:$T$64,'Daily Log'!$A$5:$A$64,">="&A15,'Daily Log'!$A$5:$A$64,"<="&A15+6) -> 0 | G15: =SUMIFS('Daily Log'!$AD$5:$AD$64,'Daily Log'!$A$5:$A$64,">="&A15,'Daily Log'!$A$5:$A$64,"<="&A15+6) -> 0 | H15: =IFERROR(G15/C15,"") | I15: =IFERROR((IF(D15="",0,D15)+IF(G15="",0,G15))*Assumptions!$B$3,"") -> 0
A16: 12-WEEK TOTAL | B16: =SUM(B4:B15) -> 0 | C16: =SUM(C4:C15) -> 0 | D16: =SUM(D4:D15) -> 0 | E16: =IFERROR(D16/B16,"") | F16: =SUM(F4:F15) -> 0 | G16: =SUM(G4:G15) -> 0 | H16: =IFERROR(G16/C16,"") | I16: =SUM(I4:I15) -> 0
